{"cameraMode":{"drawMode":0,"name":"Shaded","section":"Shading Mode"},"sceneLighting":true,"audioPlay":false,"sceneViewState":{"showFog":true,"showMaterialUpdate":false,"showSkybox":true,"showFlares":true,"showImageEffects":true,"showParticleSystems":true},"in2DMode":false,"pivot":{"x":-0.49344801902770998,"y":-3.8152103424072267,"z":6.900872707366943},"rotation":{"x":0.2436954379081726,"y":0.031993694603443149,"z":-0.008043843321502209,"w":0.9692956805229187},"size":11.382165908813477,"orthographic":false}