{"cameraMode":{"drawMode":0,"name":"Shaded","section":"Shading Mode"},"sceneLighting":false,"audioPlay":false,"sceneViewState":{"showFog":true,"showMaterialUpdate":false,"showSkybox":false,"showFlares":true,"showImageEffects":true,"showParticleSystems":true},"in2DMode":false,"pivot":{"x":-11.533602714538575,"y":7.552546977996826,"z":-8.861564636230469},"rotation":{"x":0.18799082934856416,"y":0.04417663812637329,"z":-0.008464466780424118,"w":0.9811424016952515},"size":4.087430000305176,"orthographic":false}