{"cameraMode":{"drawMode":0,"name":"Shaded","section":"Shading Mode"},"sceneLighting":false,"audioPlay":false,"sceneViewState":{"showFog":true,"showMaterialUpdate":false,"showSkybox":false,"showFlares":true,"showImageEffects":true,"showParticleSystems":true},"in2DMode":false,"pivot":{"x":0.800000011920929,"y":-9.313216864370588e-12,"z":-0.05000000447034836},"rotation":{"x":0.2436954379081726,"y":0.031993694603443149,"z":-0.008043843321502209,"w":0.9692956805229187},"size":1.6334576606750489,"orthographic":false}