{"cameraMode":{"drawMode":0,"name":"Shaded","section":"Shading Mode"},"sceneLighting":false,"audioPlay":false,"sceneViewState":{"showFog":true,"showMaterialUpdate":false,"showSkybox":false,"showFlares":true,"showImageEffects":true,"showParticleSystems":true},"in2DMode":false,"pivot":{"x":-37.96318054199219,"y":-345.8427734375,"z":26.36248016357422},"rotation":{"x":0.28449544310569765,"y":-0.09042926877737045,"z":0.026966331526637079,"w":0.9540243744850159},"size":0.17396506667137147,"orthographic":false}