{"cameraMode":{"drawMode":0,"name":"Shaded","section":"Shading Mode"},"sceneLighting":true,"audioPlay":false,"sceneViewState":{"showFog":true,"showMaterialUpdate":false,"showSkybox":true,"showFlares":true,"showImageEffects":true,"showParticleSystems":true},"in2DMode":false,"pivot":{"x":334.7128601074219,"y":486.4796142578125,"z":-12.895801544189454},"rotation":{"x":0.2436954379081726,"y":0.031993694603443149,"z":-0.008043843321502209,"w":0.9692956805229187},"size":1460.4295654296875,"orthographic":false}